Year,Candidate Name,District/State,Vote Total
2016,R Winner B. Byrne (i),1 alabama,NA
2016,R Winner M. Roby (i),2 alabama,"134,450"
2016,D N. Mathis,2 alabama,"111,640"
2016,R Winner M. Rogers (i),3 alabama,"190,724"
2016,D J. Smith,3 alabama,"93,567"
2016,R Winner R. Aderholt (i),4 alabama,NA
2016,R Winner M. Brooks (i),5 alabama,"204,791"
2016,D W. Boyd,5 alabama,"101,577"
2016,R Winner G. Palmer (i),6 alabama,"240,897"
2016,D D. Putman,6 alabama,"81,296"
2016,D Winner T. Sewell (i),7 alabama,NA
2016,R Winner D. Young (i),1 alaska,"125,729"
2016,D S. Lindbeck,1 alaska,"90,784"
2016,L J. McDermott,1 alaska,"25,104"
2016,N B. Souphanavong,1 alaska,"7,158"
2016,D Winner T. O'Halleran,1 arizona,"117,048"
2016,R P. Babeu,1 arizona,"100,236"
2016,G R. Parrish,1 arizona,"13,122"
2016,R Winner M. McSally (i),2 arizona,"157,677"
2016,D M. Heinz,2 arizona,"120,572"
2016,D Winner R. Grijalva (i),3 arizona,NA
2016,R Winner P. Gosar (i),4 arizona,"171,901"
2016,D M. Weisser,4 arizona,"68,460"
2016,R Winner A. Biggs,5 arizona,"157,980"
2016,D T. Fuentes,5 arizona,"92,225"
2016,R Winner D. Schweikert (i),6 arizona,"158,978"
2016,D J. Williamson,6 arizona,"99,008"
2016,D Winner R. Gallego (i),7 arizona,"88,219"
2016,R E. Nunez,7 arizona,"30,040"
2016,R Winner T. Franks (i),8 arizona,"165,593"
2016,G M. Salazar,8 arizona,"75,963"
2016,D Winner K. Sinema (i),9 arizona,"132,281"
2016,R D. Giles,9 arizona,"84,137"
2016,R Winner R. Crawford (i),1 arkansas,"183,068"
2016,L M. West,1 arkansas,"56,200"
2016,R Winner F. Hill (i),2 arkansas,"176,100"
2016,D D. Curry,2 arkansas,"111,049"
2016,L C. Hayes,2 arkansas,"14,287"
2016,R Winner S. Womack (i),3 arkansas,"214,268"
2016,L S. Isaacson,3 arkansas,"62,793"
2016,R Winner B. Westerman (i),4 arkansas,"181,921"
2016,L K. Hicks,4 arkansas,"60,969"
2016,R Winner D. La Malfa (i),1 california,"164,907"
2016,D J. Reed,1 california,"112,183"
2016,D Winner J. Huffman (i),2 california,"177,724"
2016,R D. Mensing,2 california,"52,818"
2016,D Winner J. Garamendi (i),3 california,"127,623"
2016,R E. Cleek,3 california,"91,544"
2016,R Winner T. McClintock (i),4 california,"196,613"
2016,D R. Derlet,4 california,"116,541"
2016,D Winner M. Thompson (i),5 california,"172,810"
2016,R C. Santamaria,5 california,"51,098"
2016,D Winner D. Matsui (i),6 california,"145,704"
2016,R R. Evans,6 california,"47,926"
2016,D Winner A. Bera (i),7 california,"129,064"
2016,R S. Jones,7 california,"123,056"
2016,R Winner P. Cook (i),8 california,"129,690"
2016,D R. Ramirez,8 california,"76,999"
2016,D Winner J. McNerney (i),9 california,"106,256"
2016,R T. Amador,9 california,"78,121"
2016,R Winner J. Denham (i),10 california,"110,659"
2016,D M. Eggman,10 california,"100,646"
2016,D Winner M. DeSaulnier (i),11 california,"194,345"
2016,R R. Petersen,11 california,"76,473"
2016,D Winner N. Pelosi (i),12 california,"250,378"
2016,O P. Picus,12 california,"58,577"
2016,D Winner B. Lee (i),13 california,"277,390"
2016,R S. Caro,13 california,"28,413"
2016,D Winner J. Speier (i),14 california,"213,612"
2016,R A. Cardenas,14 california,"50,485"
2016,D Winner E. Swalwell (i),15 california,"188,179"
2016,R D. Turner,15 california,"66,959"
2016,D Winner J. Costa (i),16 california,"72,111"
2016,R J. Tacherra,16 california,"52,570"
2016,D Winner R. Khanna,17 california,"135,607"
2016,D M. Honda (i),17 california,"86,505"
2016,D Winner A. Eshoo (i),18 california,"220,139"
2016,R R. Fox,18 california,"88,907"
2016,D Winner Z. Lofgren (i),19 california,"171,688"
2016,R B. Lancaster,19 california,"60,420"
2016,D Winner J. Panetta,20 california,"144,870"
2016,R C. Lucius,20 california,"60,324"
2016,R Winner D. Valadao (i),21 california,"68,481"
2016,D E. Huerta,21 california,"49,643"
2016,R Winner D. Nunes (i),22 california,"143,333"
2016,D L. Campos,22 california,"66,802"
2016,R Winner K. McCarthy (i),23 california,"151,346"
2016,D W. Reed,23 california,"64,842"
2016,D Winner S. Carbajal,24 california,"155,492"
2016,R J. Fareed,24 california,"136,532"
2016,R Winner S. Knight (i),25 california,"112,768"
2016,D B. Caforio,25 california,"95,296"
2016,D Winner J. Brownley (i),26 california,"148,550"
2016,R R. Dagnesses,26 california,"99,597"
2016,D Winner J. Chu (i),27 california,"133,766"
2016,R J. Orswell,27 california,"67,421"
2016,D Winner A. Schiff (i),28 california,"168,082"
2016,R L. Solis,28 california,"47,619"
2016,D Winner T. Cardenas (i),29 california,"98,879"
2016,D R. Alarcon,29 california,"32,656"
2016,D Winner B. Sherman (i),30 california,"159,974"
2016,R M. Reed,30 california,"60,865"
2016,D Winner P. Aguilar (i),31 california,"111,870"
2016,R P. Chabot,31 california,"89,070"
2016,D Winner G. Napolitano (i),32 california,"93,059"
2016,D R. Hernandez,32 california,"56,050"
2016,D Winner T. Lieu (i),33 california,"173,778"
2016,R K. Wright,33 california,"88,507"
2016,D Winner X. Becerra (i),34 california,"97,305"
2016,D A. Edwards,34 california,"27,091"
2016,D Winner N. Torres (i),35 california,"109,767"
2016,R T. Fischella,35 california,"43,189"
2016,D Winner R. Ruiz (i),36 california,"132,252"
2016,R J. Stone,36 california,"83,049"
2016,D Winner K. Bass (i),37 california,"150,535"
2016,D C. Wiggins,37 california,"33,082"
2016,D Winner L. Sanchez (i),38 california,"131,099"
2016,R R. Downing,38 california,"56,883"
2016,R Winner E. Royce (i),39 california,"138,907"
2016,D B. Murdock,39 california,"101,651"
2016,D Winner L. Roybal-Allard (i),40 california,"82,789"
2016,O R. Gonzalez,40 california,"32,404"
2016,D Winner M. Takano (i),41 california,"115,859"
2016,R D. Shepherd,41 california,"64,153"
2016,R Winner K. Calvert (i),42 california,"139,915"
2016,D T. Sheridan,42 california,"97,123"
2016,D Winner M. Waters (i),43 california,"128,551"
2016,R O. Navarro,43 california,"41,507"
2016,D Winner N. Barragan,44 california,"70,303"
2016,D I. Hall,44 california,"67,177"
2016,R Winner M. Walters (i),45 california,"171,736"
2016,D R. Varasteh,45 california,"119,521"
2016,D Winner L. Correa,46 california,"103,475"
2016,D B. Nguyen,46 california,"44,652"
2016,D Winner A. Lowenthal (i),47 california,"127,832"
2016,R A. Whallon,47 california,"76,670"
2016,R Winner D. Rohrabacher (i),48 california,"165,987"
2016,D S. Savary,48 california,"117,716"
2016,RWinner  D. Issa (i),49 california,"134,428"
2016,D D. Applegate,49 california,"129,100"
2016,R Winner D. Hunter (i),50 california,"148,880"
2016,D P. Malloy,50 california,"84,142"
2016,D Winner J. Vargas (i),51 california,"108,932"
2016,R J. Hidalgo,51 california,"42,676"
2016,D Winner S. Peters (i),52 california,"148,651"
2016,R D. Gitsham,52 california,"115,013"
2016,D Winner S. Davis (i),53 california,"151,269"
2016,R J. Veltmeyer,53 california,"77,436"
2016,D Winner D. DeGette (i),1 colorado,"189,837"
2016,R C. Stockham,1 colorado,"79,561"
2016,L D. Dinges,1 colorado,"10,549"
2016,D Winner J. Polis (i),2 colorado,"251,988"
2016,R N. Morse,2 colorado,"166,020"
2016,L R. Longstreth,2 colorado,"25,858"
2016,R Winner S. Tipton (i),3 colorado,"191,917"
2016,D G. Schwartz,3 colorado,"142,794"
2016,L G. Kent,3 colorado,"16,996"
2016,R Winner K. Buck (i),4 colorado,"241,424"
2016,D B. Seay,4 colorado,"119,249"
2016,L B. Griffith,4 colorado,"17,925"
2016,R Winner D. Lamborn (i),5 colorado,"222,169"
2016,D M. Plowright,5 colorado,"109,573"
2016,L M. McRedmond,5 colorado,"24,320"
2016,R Winner M. Coffman (i),6 colorado,"180,727"
2016,D M. Carroll,6 colorado,"149,417"
2016,L N. Olsen,6 colorado,"17,102"
2016,G R. Worthey,6 colorado,"5,038"
2016,D Winner E. Perlmutter (i),7 colorado,"185,208"
2016,R G. Athanasopoulos,7 colorado,"134,244"
2016,L M. Buchanan,7 colorado,"15,831"
2016,D Winner J. Larson (i),1 connecticut,"193,040"
2016,R M. Corey,1 connecticut,"104,214"
2016,G M. DeRosa,1 connecticut,"6,283"
2016,D Winner J. Courtney (i),2 connecticut,"207,584"
2016,R D. Novak,2 connecticut,"111,587"
2016,G J. Pelto,2 connecticut,"5,332"
2016,L D. Reale,2 connecticut,"5,016"
2016,D Winner R. DeLauro (i),3 connecticut,"208,900"
2016,R A. Cadena,3 connecticut,"95,370"
2016,D Winner J. Himes (i),4 connecticut,"185,928"
2016,R J. Shaban,4 connecticut,"123,630"
2016,D Winner E. Esty (i),5 connecticut,"174,788"
2016,R C. Cope,5 connecticut,"126,842"
2016,D Winner L. Rochester,1 delaware,"233,542"
2016,R H. Reigle,1 delaware,"172,290"
2016,G M. Perri,1 delaware,"8,325"
2016,L S. Gesty,1 delaware,"6,436"
2016,R Winner M. Gaetz,1 florida,"254,280"
2016,D S. Specht,1 florida,"113,586"
2016,R Winner N. Dunn,2 florida,"230,838"
2016,D W. Dartland,2 florida,"102,596"
2016,L R. Lapham,2 florida,"9,384"
2016,R Winner T. Yoho (i),3 florida,"193,261"
2016,D K. McGurn,3 florida,"135,688"
2016,N T. Wells,3 florida,"12,438"
2016,R Winner J. Rutherford,4 florida,"286,018"
2016,D D. Bruderly,4 florida,"112,253"
2016,N G. Koniz,4 florida,"8,990"
2016,D Winner A. Lawson,5 florida,"193,430"
2016,R G. Smith,5 florida,"107,784"
2016,R Winner R. DeSantis (i),6 florida,"213,180"
2016,D B. McCullough,6 florida,"150,677"
2016,D Winner S. Murphy,7 florida,"181,758"
2016,R J. Mica (i),7 florida,"171,412"
2016,R Winner B. Posey (i),8 florida,"246,257"
2016,D C. Westbrook,8 florida,"126,962"
2016,N B. Stinson,8 florida,"16,924"
2016,D Winner D. Soto,9 florida,"194,963"
2016,R W. Liebnitzky,9 florida,"144,281"
2016,D Winner V. Demings,10 florida,"198,309"
2016,R T. Lowe,10 florida,"107,423"
2016,R Winner D. Webster (i),11 florida,"257,881"
2016,D D. Koller,11 florida,"124,599"
2016,N B. Riggs,11 florida,"11,961"
2016,R Winner G. Bilirakis (i),12 florida,"253,347"
2016,D R. Tager,12 florida,"115,909"
2016,D Winner C. Crist,13 florida,"184,371"
2016,R D. Jolly (i),13 florida,"170,964"
2016,D Winner K. Castor (i),14 florida,"194,851"
2016,R C. Quinn,14 florida,"120,584"
2016,R Winner D. Ross (i),15 florida,"182,498"
2016,D J. Lange,15 florida,"134,945"
2016,R Winner V. Buchanan (i),16 florida,"230,187"
2016,D J. Schneider,16 florida,"154,854"
2016,R Winner T. Rooney (i),17 florida,"209,135"
2016,D A. Freeman,17 florida,"115,801"
2016,N J. Sawyer,17 florida,"13,336"
2016,R Winner B. Mast,18 florida,"201,011"
2016,D R. Perkins,18 florida,"161,328"
2016,N C. Spalding,18 florida,"12,451"
2016,R Winner F. Rooney,19 florida,"238,975"
2016,D R. Neeld,19 florida,"123,625"
2016,D Winner A. Hastings (i),20 florida,"220,452"
2016,R G. Stein,20 florida,"54,079"
2016,D Winner L. Frankel (i),21 florida,"208,999"
2016,R P. Spain,21 florida,"117,273"
2016,N M. Trout,21 florida,"7,148"
2016,D Winner T. Deutch (i),22 florida,"197,396"
2016,R A. McGee,22 florida,"137,691"
2016,D Winner D. Wasserman Schultz (i),23 florida,"180,979"
2016,R J. Kaufman,23 florida,"129,400"
2016,N D. Endriss,23 florida,"5,100"
2016,N L. Milstein,23 florida,"3,835"
2016,D Winner F. Wilson (i),24 florida,NA
2016,R Winner M. Diaz-Balart (i),25 florida,"157,748"
2016,D A. Valdes,25 florida,"95,008"
2016,R Winner C. Curbelo (i),26 florida,"148,445"
2016,D J. Garcia,26 florida,"115,348"
2016,N J. Peixoto,26 florida,"16,491"
2016,R Winner I. Ros-Lehtinen (i),27 florida,"157,763"
2016,D S. Fuhrman,27 florida,"129,548"
2016,R Winner B. Carter (i),1 georgia,NA
2016,D Winner S. Bishop (i),2 georgia,"146,284"
2016,R G. Duke,2 georgia,"93,392"
2016,R Winner D. Ferguson,3 georgia,"206,930"
2016,D A. Pendley,3 georgia,"95,736"
2016,D Winner H. Johnson (i),4 georgia,"214,278"
2016,R V. Armendariz,4 georgia,"69,075"
2016,D Winner J. Lewis (i),5 georgia,"241,773"
2016,R D. Bell,5 georgia,"44,032"
2016,R Winner T. Price (i),6 georgia,"191,792"
2016,D R. Stooksbury,6 georgia,"119,536"
2016,R Winner R. Woodall (i),7 georgia,"173,638"
2016,D R. Malik,7 georgia,"113,593"
2016,R Winner A. Scott (i),8 georgia,"171,529"
2016,D J. Harris,8 georgia,"81,903"
2016,R Winner D. Collins (i),9 georgia,NA
2016,R Winner J. Hice (i),10 georgia,NA
2016,R Winner B. Loudermilk (i),11 georgia,"216,772"
2016,D D. Wilson,11 georgia,"104,401"
2016,R Winner R. Allen (i),12 georgia,"158,705"
2016,D T. McCracken,12 georgia,"98,870"
2016,D Winner D. Scott (i),13 georgia,NA
2016,R Winner T. Graves (i),14 georgia,NA
2016,D Winner C. Hanabusa,1 hawaii,"135,069"
2016,R S. Ostrov,1 hawaii,"42,569"
2016,L A. Yim,1 hawaii,"6,127"
2016,O C. Griffin,1 hawaii,"4,040"
2016,D Winner T. Gabbard (i),2 hawaii,"163,484"
2016,R A. Kaaihue,2 hawaii,"38,098"
2016,R Winner R. Labrador (i),1 idaho,"236,397"
2016,D J. Piotrowski,1 idaho,"111,035"
2016,R Winner M. Simpson (i),2 idaho,"208,887"
2016,D J. Martinez,2 idaho,"97,250"
2016,C A. Tomkins,2 idaho,"25,575"
2016,D Winner B. Rush (i),1 illinois,"221,551"
2016,R A. Deuser,1 illinois,"80,161"
2016,D Winner R. Kelly (i),2 illinois,"229,184"
2016,R J. Morrow,2 illinois,"58,788"
2016,D Winner D. Lipinski (i),3 illinois,NA
2016,D Winner L. Gutierrez (i),4 illinois,NA
2016,D Winner M. Quigley (i),5 illinois,"201,983"
2016,R V. Kolber,5 illinois,"82,931"
2016,G R. Sherman,5 illinois,"13,867"
2016,R Winner P. Roskam (i),6 illinois,"205,746"
2016,D A. Howland,6 illinois,"140,023"
2016,D Winner D. Davis (i),7 illinois,"232,322"
2016,R J. Leef,7 illinois,"44,242"
2016,D Winner R. Krishnamoorthi,8 illinois,"141,138"
2016,R P. DiCianni,8 illinois,"101,893"
2016,D Winner J. Schakowsky (i),9 illinois,"203,834"
2016,R J. McCarthy Lasonde,9 illinois,"105,920"
2016,D Winner B. Schneider,10 illinois,"147,299"
2016,R R. Dold (i),10 illinois,"133,383"
2016,D Winner B. Foster (i),11 illinois,"157,659"
2016,R T. Khouri,11 illinois,"105,762"
2016,R Winner M. Bost (i),12 illinois,"169,233"
2016,D C. Baricevic,12 illinois,"123,754"
2016,G P. Bradshaw,12 illinois,"18,713"
2016,R Winner R. Davis (i),13 illinois,"186,791"
2016,D M. Wicklund,13 illinois,"125,932"
2016,R Winner R. Hultgren (i),14 illinois,"197,962"
2016,D J. Walz,14 illinois,"134,362"
2016,R Winner J. Shimkus (i),15 illinois,NA
2016,R Winner A. Kinzinger (i),16 illinois,NA
2016,D Winner C. Bustos (i),17 illinois,"170,746"
2016,R P. Harlan,17 illinois,"113,141"
2016,R Winner D. LaHood (i),18 illinois,"248,701"
2016,D J. Rodriguez,18 illinois,"95,741"
2016,D Winner P. Visclosky (i),1 indiana,"207,299"
2016,L D. Dunn,1 indiana,"47,009"
2016,R Winner J. Walorski (i),2 indiana,"164,276"
2016,D L. Coleman,2 indiana,"102,332"
2016,L R. Cenkush,2 indiana,"10,594"
2016,R Winner J. Banks,3 indiana,"201,216"
2016,D T. Schrader,3 indiana,"65,908"
2016,L P. Snyder,3 indiana,"19,782"
2016,R Winner T. Rokita (i),4 indiana,"193,272"
2016,D J. Dale,4 indiana,"91,153"
2016,L S. Mayoras,4 indiana,"14,758"
2016,R Winner S. Brooks (i),5 indiana,"221,785"
2016,D A. Demaree,5 indiana,"123,791"
2016,L M. Wittlief,5 indiana,"15,324"
2016,R Winner L. Messer (i),6 indiana,"204,844"
2016,D B. Welsh,6 indiana,"79,075"
2016,L R. Turvey,6 indiana,"12,325"
2016,D Winner A. Carson (i),7 indiana,"158,606"
2016,R C. Ping,7 indiana,"94,396"
2016,L D. Thompson,7 indiana,"11,470"
2016,R Winner L. Bucshon (i),8 indiana,"187,569"
2016,D R. Drake,8 indiana,"93,130"
2016,L A. Horning,8 indiana,"13,630"
2016,R Winner T. Hollingsworth,9 indiana,"174,698"
2016,D S. Yoder,9 indiana,"130,539"
2016,L R. Brooksbank,9 indiana,"17,417"
2016,R Winner R. Blum (i),1 iowa,"206,273"
2016,D M. Vernon,1 iowa,"176,447"
2016,D Winner D. Loebsack (i),2 iowa,"197,802"
2016,R C. Peters,2 iowa,"170,529"
2016,R Winner D. Young (i),3 iowa,"208,264"
2016,D J. Mowrer,3 iowa,"154,780"
2016,L B. Holder,3 iowa,"15,337"
2016,P C. Addy,3 iowa,"6,335"
2016,P J. Grandanette,3 iowa,"4,511"
2016,R Winner S. King (i),4 iowa,"225,842"
2016,D K. Weaver,4 iowa,"142,018"
2016,R Winner R. Marshall,1 kansas,"166,051"
2016,I A. LaPolice,1 kansas,"66,218"
2016,L K. Burt,1 kansas,"18,415"
2016,R Winner L. Jenkins (i),2 kansas,"177,851"
2016,D B. Potter,2 kansas,"94,561"
2016,L J. Bales,2 kansas,"18,700"
2016,R Winner K. Yoder (i),3 kansas,"171,647"
2016,D J. Sidie,3 kansas,"135,778"
2016,L S. Hohe,3 kansas,"26,897"
2016,R Winner M. Pompeo (i),4 kansas,"163,406"
2016,D D. Giroux,4 kansas,"78,822"
2016,I M. Allen,4 kansas,"18,358"
2016,L G. Bakken,4 kansas,"7,420"
2016,R Winner J. Comer,1 kentucky,"216,957"
2016,D S. Gaskins,1 kentucky,"81,710"
2016,R Winner B. Guthrie (i),2 kentucky,NA
2016,D Winner J. Yarmuth (i),3 kentucky,"212,388"
2016,R H. Bratcher,3 kentucky,"122,085"
2016,O E. Corley,3 kentucky,0
2016,R Winner T. Massie (i),4 kentucky,"233,922"
2016,D C. Sidle,4 kentucky,"94,064"
2016,R Winner H. Rogers (i),5 kentucky,NA
2016,R Winner A. Barr (i),6 kentucky,"202,094"
2016,D N. Kemper,6 kentucky,"128,725"
2016,R Winner S. Scalise (i),1 louisiana,"243,575"
2016,D L. Dugas,1 louisiana,"41,816"
2016,D D. Faust,1 louisiana,"12,698"
2016,L H. Kearney,1 louisiana,"9,395"
2016,D J. Swider,1 louisiana,"9,231"
2016,G E. Barron,1 louisiana,"6,712"
2016,N C. Yang,1 louisiana,"3,233"
2016,D Winner C. Richmond (i),2 louisiana,"198,169"
2016,D K. Holden,2 louisiana,"57,083"
2016,D K. Cutno,2 louisiana,"28,826"
2016,R Winner* S. Angelle,3 louisiana,"91,374"
2016,R Winner* C. Higgins,3 louisiana,"84,809"
2016,D J. Hebert,3 louisiana,"28,358"
2016,D L. Rader,3 louisiana,"27,807"
2016,R G. Rantz,3 louisiana,"25,640"
2016,R G. Ellison,3 louisiana,"24,845"
2016,R B. Geymann,3 louisiana,"21,606"
2016,R B. Barrilleaux,3 louisiana,"6,215"
2016,L G. McLendon,3 louisiana,"2,934"
2016,R G. Rees,3 louisiana,"2,455"
2016,N K. Scelfo,3 louisiana,"2,667"
2016,R H. Vidrine,3 louisiana,"1,354"
2016,D Winner* M. Jones,4 louisiana,"80,558"
2016,R Winner* M. Johnson,4 louisiana,"70,556"
2016,R T. Baucum,4 louisiana,"50,395"
2016,R O. Jenkins,4 louisiana,"44,500"
2016,R E. Guillory,4 louisiana,"21,011"
2016,R R. John,4 louisiana,"13,215"
2016,N M. Halverson,4 louisiana,"3,145"
2016,N K. Krefft,4 louisiana,"2,492"
2016,R Winner R. Abraham (i),5 louisiana,"208,504"
2016,R B. Burkette,5 louisiana,"47,106"
2016,R Winner G. Graves (i),6 louisiana,"207,453"
2016,D R. Lieberman,6 louisiana,"49,352"
2016,R B. Bell,6 louisiana,"33,585"
2016,D J. Sampson,6 louisiana,"29,809"
2016,L R. Fontanesi,6 louisiana,"7,598"
2016,O D. Graham,6 louisiana,"3,215"
2016,D Winner C. Pingree (i),1 maine,"225,428"
2016,R M. Holbrook,1 maine,"164,048"
2016,R Winner B. Poliquin (i),2 maine,"192,285"
2016,D E. Cain,2 maine,"157,862"
2016,R Winner A. Harris (i),1 maryland,"229,135"
2016,D J. Werner,1 maryland,"94,776"
2016,L M. Beers,1 maryland,"14,207"
2016,D Winner D. Ruppersberger (i),2 maryland,"172,324"
2016,R P. McDonough,2 maryland,"92,099"
2016,L K. Kasprzak,2 maryland,"12,530"
2016,D Winner J. Sarbanes (i),3 maryland,"194,362"
2016,R M. Plaster,3 maryland,"106,627"
2016,G N. Eze,3 maryland,"8,430"
2016,D Winner A. Brown,4 maryland,"218,215"
2016,R G. McDermott,4 maryland,"63,674"
2016,G K. Clark,4 maryland,"7,357"
2016,L B. Krause,4 maryland,"5,274"
2016,D Winner S. Hoyer (i),5 maryland,"223,582"
2016,R M. Arness,5 maryland,"98,768"
2016,L J. Summers,5 maryland,"10,033"
2016,D Winner J. Delaney (i),6 maryland,"167,229"
2016,R A. Hoeber,6 maryland,"123,611"
2016,L D. Howser,6 maryland,"6,216"
2016,G G. Gluck,6 maryland,"4,997"
2016,D Winner E. Cummings (i),7 maryland,"211,962"
2016,R C. Vaughn,7 maryland,"61,854"
2016,G M. Hoenig,7 maryland,"8,428"
2016,D Winner J. Raskin,8 maryland,"191,671"
2016,R D. Cox,8 maryland,"115,200"
2016,G N. Wallace,8 maryland,"9,761"
2016,L J. Wunder,8 maryland,"6,540"
2016,D Winner R. Neal (i),1 massachusetts,"233,310"
2016,I F. Mayock,1 massachusetts,"57,226"
2016,L T. Simmons,1 massachusetts,"27,427"
2016,D Winner J. McGovern (i),2 massachusetts,NA
2016,D Winner N. Tsongas (i),3 massachusetts,"234,361"
2016,R A. Wofford,3 massachusetts,"106,882"
2016,D Winner J. Kennedy (i),4 massachusetts,"261,356"
2016,R D. Rosa,4 massachusetts,"111,890"
2016,D Winner K. Clark (i),5 massachusetts,NA
2016,D Winner S. Moulton (i),6 massachusetts,NA
2016,D Winner M. Capuano (i),7 massachusetts,NA
2016,D Winner S. Lynch (i),8 massachusetts,"267,944"
2016,R W. Burke,8 massachusetts,"102,146"
2016,D Winner B. Keating (i),9 massachusetts,"209,911"
2016,R M. Alliegro,9 massachusetts,"127,199"
2016,I P. Harrington,9 massachusetts,"26,086"
2016,U C. Cataldo,9 massachusetts,"8,266"
2016,U A. Raduc,9 massachusetts,"5,261"
2016,R Winner J. Bergman,1 michigan,"201,153"
2016,D L. Johnson,1 michigan,"144,319"
2016,L D. Bostow,1 michigan,"13,385"
2016,G E. Boal,1 michigan,"4,773"
2016,R Winner B. Huizenga (i),2 michigan,"213,095"
2016,D D. Murphy,2 michigan,"110,077"
2016,L E. Haas,2 michigan,"8,166"
2016,G M. Brady,2 michigan,"5,362"
2016,U R. Graeser,2 michigan,"2,898"
2016,R Winner J. Amash (i),3 michigan,"203,069"
2016,D D. Smith,3 michigan,"128,159"
2016,U T. Gerrard,3 michigan,"10,374"
2016,R Winner J. Moolenaar (i),4 michigan,"194,569"
2016,D D. Wirth,4 michigan,"101,275"
2016,L L. Schwartz,4 michigan,"8,514"
2016,U G. Zimmer,4 michigan,"5,595"
2016,G J. Salvi,4 michigan,"3,953"
2016,N K. Butkovich,4 michigan,"1,838"
2016,D Winner D. Kildee (i),5 michigan,"195,076"
2016,R A. Hardwick,5 michigan,"111,908"
2016,L S. Sluka,5 michigan,"6,999"
2016,G H. Mikkelson,5 michigan,"4,894"
2016,R Winner F. Upton (i),6 michigan,"192,862"
2016,D P. Clements,6 michigan,"119,871"
2016,L L. Wenke,6 michigan,"16,239"
2016,R Winner T. Walberg (i),7 michigan,"183,549"
2016,D G. Driskell,7 michigan,"133,697"
2016,L K. Proctor,7 michigan,"16,402"
2016,R Winner M. Bishop (i),8 michigan,"205,617"
2016,D S. Shkreli,8 michigan,"143,775"
2016,L J. Wood,8 michigan,"9,615"
2016,G M. Green,8 michigan,"5,677"
2016,N J. Burgess,8 michigan,"2,250"
2016,D Winner S. Levin (i),9 michigan,"199,620"
2016,R C. Morse,9 michigan,"128,907"
2016,L M. Orlando,9 michigan,"9,562"
2016,G J. McDermott,9 michigan,"6,612"
2016,R Winner P. Mitchell,10 michigan,"214,164"
2016,D F. Accavitti,10 michigan,"109,875"
2016,L L. Gioia,10 michigan,"10,582"
2016,G B. Nofs,10 michigan,"5,113"
2016,R Winner D. Trott (i),11 michigan,"200,787"
2016,D A. Kumar,11 michigan,"152,359"
2016,I K. Bentivolio,11 michigan,"16,597"
2016,L J. Osment,11 michigan,"9,535"
2016,D Winner D. Dingell (i),12 michigan,"210,922"
2016,R J. Jones,12 michigan,"95,823"
2016,O G. Walkowicz,12 michigan,"9,177"
2016,L T. Bagwell,12 michigan,"7,478"
2016,G D. Calewarts,12 michigan,"4,370"
2016,D Winner J. Conyers (i),13 michigan,"197,173"
2016,R J. Gorman,13 michigan,"40,483"
2016,L T. Hayden,13 michigan,"9,600"
2016,O S. Johnson,13 michigan,"8,778"
2016,D Winner B. Lawrence (i),14 michigan,"244,220"
2016,R H. Klausner,14 michigan,"58,111"
2016,L G. Creswell,14 michigan,"4,898"
2016,G M. Squier,14 michigan,"3,851"
2016,D Winner T. Walz (i),1 minnesota,"169,076"
2016,R J. Hagedorn,1 minnesota,"166,527"
2016,R Winner J. Lewis,2 minnesota,"174,030"
2016,D A. Craig,2 minnesota,"167,071"
2016,I P. Overby,2 minnesota,"28,845"
2016,R Winner E. Paulsen (i),3 minnesota,"223,075"
2016,D T. Bonoff,3 minnesota,"169,238"
2016,D Winner B. McCollum (i),4 minnesota,"202,558"
2016,R G. Ryan,4 minnesota,"120,871"
2016,O S. Pendergast Sindt,4 minnesota,"27,109"
2016,D Winner K. Ellison (i),5 minnesota,"249,957"
2016,R F. Drake,5 minnesota,"80,660"
2016,O D. Schuller,5 minnesota,"30,759"
2016,R Winner T. Emmer (i),6 minnesota,"235,384"
2016,D D. Snyder,6 minnesota,"123,012"
2016,D Winner C. Peterson (i),7 minnesota,"173,571"
2016,R D. Hughes,7 minnesota,"156,950"
2016,D Winner R. Nolan (i),8 minnesota,"179,106"
2016,R S. Mills,8 minnesota,"177,095"
2016,R Winner T. Kelly (i),1 mississippi,"203,142"
2016,D J. Owens,1 mississippi,"82,133"
2016,L C. Wilson,1 mississippi,"6,070"
2016,R C. Toole,1 mississippi,"3,742"
2016,D Winner B. Thompson (i),2 mississippi,"181,108"
2016,R J. Bouie,2 mississippi,"79,773"
2016,I T. Ray,2 mississippi,"6,622"
2016,R J. McLeod,2 mississippi,"3,623"
2016,R Winner G. Harper (i),3 mississippi,"201,280"
2016,D D. Quinn,3 mississippi,"91,992"
2016,O R. Gerrard,3 mississippi,"8,434"
2016,R L. Sheets,3 mississippi,"2,020"
2016,R Winner S. Palazzo (i),4 mississippi,"174,783"
2016,D M. Gladney,4 mississippi,"74,176"
2016,L R. McCluskey,4 mississippi,"14,212"
2016,R S. O'Hara,4 mississippi,"5,063"
2016,D Winner L. Clay (i),1 missouri,"231,604"
2016,R S. Bailey,1 missouri,"61,252"
2016,L R. Cunningham,1 missouri,"13,954"
2016,R Winner A. Wagner (i),2 missouri,"238,826"
2016,D B. Otto,2 missouri,"153,331"
2016,L J. Higgins,2 missouri,"11,621"
2016,G D. Arnold,2 missouri,"3,839"
2016,R Winner B. Luetkemeyer (i),3 missouri,"248,880"
2016,D K. Miller,3 missouri,"102,484"
2016,L D. Hogan,3 missouri,"11,906"
2016,C D. Simmons,3 missouri,"3,586"
2016,R Winner V. Hartzler (i),4 missouri,"225,034"
2016,D G. Christensen,4 missouri,"92,385"
2016,L M. Bliss,4 missouri,"14,355"
2016,D Winner E. Cleaver (i),5 missouri,"185,494"
2016,R J. Turk,5 missouri,"122,367"
2016,L R. Welborn,5 missouri,"9,594"
2016,R Winner S. Graves (i),6 missouri,"236,938"
2016,D D. Blackwell,6 missouri,"98,588"
2016,L R. Monchil,6 missouri,"8,051"
2016,G M. Diel,6 missouri,"4,202"
2016,R Winner B. Long (i),7 missouri,"228,001"
2016,D G. Williams,7 missouri,"92,390"
2016,L B. Brixey,7 missouri,"17,076"
2016,R Winner J. Smith (i),8 missouri,"229,648"
2016,D D. Cowell,8 missouri,"69,949"
2016,L J. Shell,8 missouri,"9,059"
2016,R Winner R. Zinke (i),1 montana,"280,472"
2016,D D. Juneau,1 montana,"201,758"
2016,L R. Breckenridge,1 montana,"15,949"
2016,R Winner J. Fortenberry (i),1 nebraska,"187,258"
2016,D D. Wik,1 nebraska,"81,939"
2016,R Winner D. Bacon,2 nebraska,"134,291"
2016,D B. Ashford (i),2 nebraska,"128,739"
2016,L S. Laird,2 nebraska,"9,057"
2016,R Winner A. Smith (i),3 nebraska,NA
2016,D Winner D. Titus (i),1 nevada,"116,045"
2016,R M. Perry,1 nevada,"54,053"
2016,N R. D'Silva,1 nevada,"13,806"
2016,I K. Bakari,1 nevada,"3,722"
2016,R Winner M. Amodei (i),2 nevada,"182,452"
2016,D C. Evans,2 nevada,"115,395"
2016,I J. Everhart,2 nevada,"8,660"
2016,N D. Knight,2 nevada,"6,204"
2016,D Winner J. Rosen,3 nevada,"146,653"
2016,R D. Tarkanian,3 nevada,"142,726"
2016,I W. Markowitz,3 nevada,"11,580"
2016,N D. Goossen,3 nevada,"9,551"
2016,D Winner R. Kihuen,4 nevada,"128,680"
2016,R C. Hardy (i),4 nevada,"118,220"
2016,L S. Brown,4 nevada,"10,184"
2016,I M. Little,4 nevada,"8,307"
2016,D Winner C. Shea-Porter,1 new-hampshire,"161,828"
2016,R F. Guinta (i),1 new-hampshire,"157,011"
2016,I S. O'Connor,1 new-hampshire,"34,612"
2016,L R. Lombardo,1 new-hampshire,"6,842"
2016,I B. Kelly,1 new-hampshire,"6,046"
2016,D Winner A. Kuster (i),2 new-hampshire,"174,386"
2016,R J. Lawrence,2 new-hampshire,"158,960"
2016,I J. Babiarz,2 new-hampshire,"16,843"
2016,D Winner D. Norcross (i),1 new-jersey,"178,655"
2016,R B. Patterson,1 new-jersey,"110,235"
2016,I S. Tomaszewski,1 new-jersey,"5,365"
2016,L W. Sihr,1 new-jersey,"2,352"
2016,I M. Berman,1 new-jersey,"1,916"
2016,R Winner F. LoBiondo (i),2 new-jersey,"167,816"
2016,D D. Cole,2 new-jersey,"104,726"
2016,L J. Ordille,2 new-jersey,"3,562"
2016,I J. Keenan,2 new-jersey,"2,490"
2016,I E. Beechwood,2 new-jersey,"1,322"
2016,I S. Fenichel,2 new-jersey,"1,460"
2016,I G. Franco,2 new-jersey,"1,159"
2016,R Winner T. MacArthur (i),3 new-jersey,"177,522"
2016,D F. LaVergne,3 new-jersey,"115,212"
2016,C L. Berlinski,3 new-jersey,"5,541"
2016,R Winner C. Smith (i),4 new-jersey,"206,137"
2016,D L. Phillipson,4 new-jersey,"108,373"
2016,I H. Schroeder,4 new-jersey,"5,684"
2016,L J. Marcus,4 new-jersey,"3,168"
2016,D Winner J. Gottheimer,5 new-jersey,"156,863"
2016,R S. Garrett (i),5 new-jersey,"146,643"
2016,L C. Belusic,5 new-jersey,"6,890"
2016,D Winner F. Pallone (i),6 new-jersey,"150,971"
2016,R B. Sonnek-Schmelz,6 new-jersey,"85,613"
2016,G R. Malliah,6 new-jersey,"1,695"
2016,L J. Shamy,6 new-jersey,"1,536"
2016,R Winner L. Lance (i),7 new-jersey,"184,309"
2016,D P. Jacob,7 new-jersey,"146,350"
2016,L D. O'Neill,7 new-jersey,"5,252"
2016,I A. Haussmann,7 new-jersey,"4,208"
2016,D Winner A. Sires (i),8 new-jersey,"124,381"
2016,R A. Khan,8 new-jersey,"30,085"
2016,I P. Olivera,8 new-jersey,"4,102"
2016,L D. Delaney,8 new-jersey,"3,114"
2016,D Winner B. Pascrell (i),9 new-jersey,"151,823"
2016,R H. Castillo,9 new-jersey,"61,384"
2016,L D. Rivera,9 new-jersey,"3,082"
2016,I J. Boss,9 new-jersey,"1,819"
2016,D Winner D. Payne Jr. (i),10 new-jersey,"181,591"
2016,R D. Pinckney,10 new-jersey,"25,452"
2016,I J. Miller,10 new-jersey,"3,448"
2016,I A. Fraser,10 new-jersey,"1,636"
2016,R Winner R. Frelinghuysen (i),11 new-jersey,"192,538"
2016,D J. Wenzel,11 new-jersey,"128,232"
2016,I T. Depasquale,11 new-jersey,"6,914"
2016,L J. Hetrick,11 new-jersey,"3,420"
2016,D Winner B. Watson Coleman (i),12 new-jersey,"162,383"
2016,R S. Uccio,12 new-jersey,"83,633"
2016,I E. Forchion,12 new-jersey,"5,437"
2016,I R. Shapiro,12 new-jersey,"2,501"
2016,L T. Fitzpatrick,12 new-jersey,"2,215"
2016,G S. Welzer,12 new-jersey,"1,873"
2016,I M. Bollentin,12 new-jersey,"1,154"
2016,D Winner M. Lujan Grisham (i),1 new-mexico,"179,380"
2016,R R. Priem,1 new-mexico,"96,061"
2016,R Winner S. Pearce (i),2 new-mexico,"142,499"
2016,D M. Soules,2 new-mexico,"84,514"
2016,D Winner B. Lujan (i),3 new-mexico,"167,848"
2016,R M. Romero,3 new-mexico,"100,529"
2016,R Winner L. Zeldin (i),1 new-york,"174,682"
2016,D A. Throne-Holst,1 new-york,"121,640"
2016,R Winner P. King (i),2 new-york,"171,915"
2016,D D. Gregory,2 new-york,"103,643"
2016,D Winner T. Suozzi,3 new-york,"156,315"
2016,R J. Martins,3 new-york,"142,023"
2016,D Winner K. Rice (i),4 new-york,"173,796"
2016,R D. Gurfein,4 new-york,"118,821"
2016,D Winner G. Meeks (i),5 new-york,"184,179"
2016,R M. O'Reilly,5 new-york,"28,030"
2016,G F. Francois,5 new-york,"3,269"
2016,D Winner G. Meng (i),6 new-york,"126,018"
2016,R D. Maio,6 new-york,"47,278"
2016,O H. Bhatti,6 new-york,"1,979"
2016,D Winner N. Velazquez (i),7 new-york,"158,972"
2016,R A. Romaguera,7 new-york,"16,255"
2016,D Winner H. Jeffries (i),8 new-york,"199,747"
2016,C D. Cavanagh,8 new-york,"14,468"
2016,D Winner Y. Clarke (i),9 new-york,"200,266"
2016,C A. Bellone,9 new-york,"16,617"
2016,D Winner J. Nadler (i),10 new-york,"170,286"
2016,R P. Rosenthal,10 new-york,"49,530"
2016,R Winner D. Donovan (i),11 new-york,"134,366"
2016,D R. Reichard,11 new-york,"78,066"
2016,G H. Bardel,11 new-york,"3,607"
2016,D Winner C. Maloney (i),12 new-york,"219,165"
2016,R R. Ardini,12 new-york,"44,981"
2016,D Winner A. Espaillat,13 new-york,"187,382"
2016,R T. Evans,13 new-york,"14,501"
2016,G D. Vila Rivera,13 new-york,"7,448"
2016,O S. Fenstermaker,13 new-york,"1,714"
2016,D Winner J. Crowley (i),14 new-york,"134,603"
2016,R F. Spotorno,14 new-york,"28,332"
2016,D Winner J. Serrano (i),15 new-york,"150,058"
2016,R A. Vega,15 new-york,"5,606"
2016,C E. Ramirez,15 new-york,"1,899"
2016,D Winner E. Engel (i),16 new-york,"192,671"
2016,O D. Lawrence,16 new-york,"10,840"
2016,D Winner N. Lowey (i),17 new-york,NA
2016,D Winner S. Maloney (i),18 new-york,"149,056"
2016,R P. Oliva,18 new-york,"120,967"
2016,R Winner J. Faso,19 new-york,"153,143"
2016,D Z. Teachout,19 new-york,"126,641"
2016,D Winner P. Tonko (i),20 new-york,"195,005"
2016,R J. Vitollo,20 new-york,"93,407"
2016,R Winner E. Stefanik (i),21 new-york,"164,212"
2016,D M. Derrick,21 new-york,"72,637"
2016,G M. Funiciello,21 new-york,"11,394"
2016,R Winner C. Tenney,22 new-york,"120,777"
2016,D K. Myers,22 new-york,"103,955"
2016,R M. Babinec,22 new-york,"32,303"
2016,R Winner T. Reed (i),23 new-york,"149,779"
2016,D J. Plumb,23 new-york,"107,822"
2016,R Winner J. Katko (i),24 new-york,"170,532"
2016,D C. Deacon,24 new-york,"108,928"
2016,D Winner L. Slaughter (i),25 new-york,"169,199"
2016,R M. Assini,25 new-york,"134,285"
2016,D Winner B. Higgins (i),26 new-york,"193,518"
2016,R S. Schratz,26 new-york,"66,688"
2016,R Winner C. Collins (i),27 new-york,"207,510"
2016,D D. Kastenbaum,27 new-york,"99,222"
2016,D Winner G. Butterfield (i),1 north-carolina,"237,938"
2016,R H. Dew,1 north-carolina,"100,633"
2016,L J. Summerell,1 north-carolina,"8,259"
2016,R Winner G. Holding (i),2 north-carolina,"219,342"
2016,D J. McNeil,2 north-carolina,"167,299"
2016,R Winner W. Jones (i),3 north-carolina,"214,850"
2016,D E. Reeves,3 north-carolina,"104,007"
2016,D Winner D. Price (i),4 north-carolina,"275,501"
2016,R S. Googe,4 north-carolina,"128,331"
2016,R Winner V. Foxx (i),5 north-carolina,"204,943"
2016,D J. Brannon,5 north-carolina,"145,597"
2016,R Winner M. Walker (i),6 north-carolina,"205,973"
2016,D P. Glidewell,6 north-carolina,"141,480"
2016,R Winner D. Rouzer (i),7 north-carolina,"209,933"
2016,D J. Casteen,7 north-carolina,"134,344"
2016,R Winner R. Hudson (i),8 north-carolina,"187,909"
2016,D T. Mills,8 north-carolina,"131,428"
2016,R Winner R. Pittenger (i),9 north-carolina,"191,660"
2016,D C. Cano,9 north-carolina,"137,335"
2016,R Winner P. McHenry (i),10 north-carolina,"219,589"
2016,D A. Millard,10 north-carolina,"128,114"
2016,R Winner M. Meadows (i),11 north-carolina,"229,130"
2016,D R. Bryson,11 north-carolina,"127,972"
2016,D Winner A. Adams (i),12 north-carolina,"232,451"
2016,R L. Threatt,12 north-carolina,"114,242"
2016,R Winner T. Budd,13 north-carolina,"196,736"
2016,D B. Davis,13 north-carolina,"153,691"
2016,R Winner K. Cramer (i),1 north-dakota,"233,245"
2016,D C. Iron Eyes,1 north-dakota,"80,186"
2016,L J. Seaman,1 north-dakota,"23,454"
2016,R Winner S. Chabot (i),1 ohio,"205,283"
2016,D M. Young,1 ohio,"139,279"
2016,R Winner B. Wenstrup (i),2 ohio,"215,265"
2016,D W. Smith,2 ohio,"107,859"
2016,D Winner J. Beatty (i),3 ohio,"189,536"
2016,R J. Adams,3 ohio,"88,040"
2016,R Winner J. Jordan (i),4 ohio,"205,669"
2016,D J. Garrett,4 ohio,"96,334"
2016,R Winner B. Latta (i),5 ohio,"240,036"
2016,D J. Neu,5 ohio,"98,045"
2016,R Winner B. Johnson (i),6 ohio,"209,177"
2016,D M. Lorentz,6 ohio,"86,938"
2016,R Winner B. Gibbs (i),7 ohio,"194,146"
2016,D R. Rich,7 ohio,"87,602"
2016,I D. Phillip,7 ohio,"21,062"
2016,R Winner W. Davidson (i),8 ohio,"219,453"
2016,D S. Fought,8 ohio,"85,313"
2016,G D. Hendricks,8 ohio,"13,371"
2016,D Winner M. Kaptur (i),9 ohio,"187,926"
2016,R D. Larson,9 ohio,"86,311"
2016,R Winner M. Turner (i),10 ohio,"210,256"
2016,D R. Klepinger,10 ohio,"105,947"
2016,I T. McMasters,10 ohio,"10,463"
2016,D Winner M. Fudge (i),11 ohio,"233,285"
2016,R B. Goldstein,11 ohio,"58,066"
2016,R Winner P. Tiberi (i),12 ohio,"243,970"
2016,D E. Albertson,12 ohio,"109,455"
2016,G J. Manchik,12 ohio,"12,848"
2016,D Winner T. Ryan (i),13 ohio,"203,430"
2016,R R. Morckel,13 ohio,"97,312"
2016,R Winner D. Joyce (i),14 ohio,"214,618"
2016,D M. Wager,14 ohio,"127,547"
2016,R Winner S. Stivers (i),15 ohio,"216,186"
2016,D S. Wharton,15 ohio,"110,272"
2016,R Winner J. Renacci (i),16 ohio,"221,495"
2016,D K. Mundy,16 ohio,"117,296"
2016,R Winner J. Bridenstine (i),1 oklahoma,NA
2016,R Winner M. Mullin (i),2 oklahoma,"189,612"
2016,D J. Harris-Till,2 oklahoma,"62,307"
2016,I J. McCarthy,2 oklahoma,"16,618"
2016,R Winner F. Lucas (i),3 oklahoma,"227,276"
2016,D F. Robbins,3 oklahoma,"63,008"
2016,R Winner T. Cole (i),4 oklahoma,"203,942"
2016,D C. Owen,4 oklahoma,"76,380"
2016,L S. White,4 oklahoma,"12,548"
2016,R Winner S. Russell (i),5 oklahoma,"160,012"
2016,D A. McAffrey,5 oklahoma,"103,122"
2016,L Z. Knight,5 oklahoma,"17,084"
2016,D Winner S. Bonamici (i),1 oregon,"207,190"
2016,R B. Heinrich,1 oregon,"129,495"
2016,L K. Sheahan,1 oregon,"10,894"
2016,R Winner G. Walden (i),2 oregon,"267,179"
2016,D J. Crary,2 oregon,"103,383"
2016,D Winner E. Blumenauer (i),3 oregon,"256,159"
2016,O D. Walker,3 oregon,"71,758"
2016,P D. Delk,3 oregon,"25,059"
2016,D Winner P. DeFazio (i),4 oregon,"216,442"
2016,R A. Robinson,4 oregon,"155,271"
2016,P M. Beilstein,4 oregon,"11,807"
2016,L G. Guthrie,4 oregon,"6,349"
2016,D Winner K. Schrader (i),5 oregon,"178,405"
2016,R C. Willis,5 oregon,"143,839"
2016,P M. Sandnes,5 oregon,"10,583"
2016,D Winner R. Brady (i),1 pennsylvania,"237,882"
2016,R D. Williams,1 pennsylvania,"51,516"
2016,D Winner D. Evans,2 pennsylvania,"310,770"
2016,R J. Jones,2 pennsylvania,"33,911"
2016,R Winner M. Kelly (i),3 pennsylvania,NA
2016,R Winner S. Perry (i),4 pennsylvania,"216,772"
2016,D J. Burkholder,4 pennsylvania,"111,158"
2016,R Winner G. Thompson (i),5 pennsylvania,"200,627"
2016,D K. Strano Taylor,5 pennsylvania,"97,686"
2016,R Winner R. Costello (i),6 pennsylvania,"203,671"
2016,D M. Parrish,6 pennsylvania,"151,800"
2016,R Winner P. Meehan (i),7 pennsylvania,"219,314"
2016,D M. Balchunis,7 pennsylvania,"147,808"
2016,R Winner B. Fitzpatrick,8 pennsylvania,"206,607"
2016,D S. Santarsiero,8 pennsylvania,"172,571"
2016,R Winner B. Shuster (i),9 pennsylvania,"183,798"
2016,D A. Halvorson,9 pennsylvania,"105,958"
2016,R Winner T. Marino (i),10 pennsylvania,"208,106"
2016,D M. Molesevich,10 pennsylvania,"87,956"
2016,R Winner L. Barletta (i),11 pennsylvania,"194,889"
2016,D M. Marsicano,11 pennsylvania,"111,025"
2016,R Winner K. Rothfus (i),12 pennsylvania,"217,449"
2016,D E. McClelland,12 pennsylvania,"133,607"
2016,D Winner B. Boyle (i),13 pennsylvania,NA
2016,D Winner M. Doyle (i),14 pennsylvania,"252,709"
2016,R L. McAllister,14 pennsylvania,"87,334"
2016,R Winner C. Dent (i),15 pennsylvania,"184,562"
2016,D R. Daugherty,15 pennsylvania,"120,233"
2016,L P. Rizzo,15 pennsylvania,"11,310"
2016,R Winner L. Smucker,16 pennsylvania,"167,698"
2016,D C. Hartman,16 pennsylvania,"132,969"
2016,L S. House,16 pennsylvania,"10,408"
2016,D Winner M. Cartwright (i),17 pennsylvania,"155,766"
2016,R M. Connolly,17 pennsylvania,"133,719"
2016,R Winner T. Murphy (i),18 pennsylvania,NA
2016,D Winner D. Cicilline (i),1 rhode-island,"129,272"
2016,R R. Taub,1 rhode-island,"70,608"
2016,D Winner J. Langevin (i),2 rhode-island,"131,968"
2016,R R. Reis,2 rhode-island,"69,918"
2016,I J. Johnson,2 rhode-island,"16,116"
2016,I S. Caiozzo,2 rhode-island,"8,867"
2016,R Winner M. Sanford (i),1 south-carolina,"186,735"
2016,D D. Cherny,1 south-carolina,"117,487"
2016,L M. Grier,1 south-carolina,"11,451"
2016,O A. Travison,1 south-carolina,"2,730"
2016,R Winner J. Wilson (i),2 south-carolina,"183,766"
2016,D A. Bjorn,2 south-carolina,"109,488"
2016,O E. McCain,2 south-carolina,"11,436"
2016,R Winner J. Duncan (i),3 south-carolina,"196,793"
2016,D H. Cleveland,3 south-carolina,"72,993"
2016,R Winner T. Gowdy (i),4 south-carolina,"197,235"
2016,D C. Fedalei,4 south-carolina,"91,106"
2016,C M. Chandler,4 south-carolina,"5,045"
2016,R Winner M. Mulvaney (i),5 south-carolina,"175,139"
2016,D F. Person,5 south-carolina,"114,936"
2016,O R. Barnes,5 south-carolina,"6,190"
2016,D Winner J. Clyburn (i),6 south-carolina,"179,351"
2016,R L. Sterling,6 south-carolina,"70,636"
2016,L R. Piotrowski,6 south-carolina,"3,135"
2016,G P. Mallory,6 south-carolina,"2,518"
2016,R Winner T. Rice (i),7 south-carolina,"170,826"
2016,D M. Hyman,7 south-carolina,"110,378"
2016,R Winner K. Noem (i),1 south-dakota,"237,141"
2016,D P. Hawks,1 south-dakota,"132,792"
2016,R Winner P. Roe (i),1 tennessee,"196,563"
2016,D A. Bohms,1 tennessee,"38,513"
2016,I R. Franklin,1 tennessee,"15,605"
2016,R Winner J. Duncan (i),2 tennessee,"212,313"
2016,D S. Starr,2 tennessee,"68,373"
2016,R Winner C. Fleischmann (i),3 tennessee,"176,440"
2016,D M. Shekari,3 tennessee,"76,664"
2016,I C. Mitchell,3 tennessee,"5,069"
2016,I R. Tyler,3 tennessee,"5,091"
2016,I T. Kersting,3 tennessee,"2,489"
2016,R Winner S. DesJarlais (i),4 tennessee,"165,594"
2016,D S. Reynolds,4 tennessee,"89,018"
2016,D Winner J. Cooper (i),5 tennessee,"170,729"
2016,R S. Snyder,5 tennessee,"102,220"
2016,R Winner D. Black (i),6 tennessee,"202,038"
2016,D D. Kent,6 tennessee,"61,940"
2016,I D. Ross,6 tennessee,"20,241"
2016,R Winner M. Blackburn (i),7 tennessee,"199,057"
2016,D T. Chandler,7 tennessee,"64,938"
2016,I L. Ladner,7 tennessee,"11,810"
2016,R Winner D. Kustoff,8 tennessee,"193,353"
2016,D R. Hobson,8 tennessee,"70,426"
2016,I S. Godwin,8 tennessee,"6,418"
2016,I J. Hart,8 tennessee,"4,045"
2016,I A. Montague,8 tennessee,"2,472"
2016,I M. Rawles,8 tennessee,"2,432"
2016,I K. Talley-Lane,8 tennessee,"1,970"
2016,D Winner S. Cohen (i),9 tennessee,"169,911"
2016,R W. Alberson,9 tennessee,"40,580"
2016,I P. Cook,9 tennessee,"5,165"
2016,R Winner L. Gohmert (i),1 texas,"192,066"
2016,D S. McKellar,1 texas,"62,635"
2016,L P. Gray,1 texas,"5,044"
2016,R Winner T. Poe (i),2 texas,"168,524"
2016,D P. Bryan,2 texas,"100,077"
2016,L J. Veasaw,2 texas,"6,418"
2016,G J. Darr,2 texas,"2,872"
2016,R Winner S. Johnson (i),3 texas,"193,063"
2016,D A. Bell,3 texas,"108,780"
2016,L S. Jameson,3 texas,"10,408"
2016,G P. Blair,3 texas,"2,893"
2016,R Winner J. Ratcliffe (i),4 texas,"215,705"
2016,L C. Wommack,4 texas,"29,437"
2016,R Winner J. Hensarling (i),5 texas,"155,149"
2016,L K. Ashby,5 texas,"37,311"
2016,R Winner J. Barton (i),6 texas,"159,213"
2016,D R. Woolridge,6 texas,"106,510"
2016,G D. Smith,6 texas,"7,172"
2016,R Winner J. Culberson (i),7 texas,"143,369"
2016,D J. Cargas,7 texas,"111,774"
2016,R Winner K. Brady (i),8 texas,NA
2016,D Winner A. Green (i),9 texas,"151,884"
2016,R J. Martin,9 texas,"36,454"
2016,R Winner M. McCaul (i),10 texas,"178,926"
2016,D T. Cadien,10 texas,"119,728"
2016,L B. Kelsey,10 texas,"13,174"
2016,R Winner M. Conaway (i),11 texas,"201,476"
2016,L N. Landholt,11 texas,"23,613"
2016,R Winner K. Granger (i),12 texas,"196,331"
2016,D B. Bradshaw,12 texas,"75,938"
2016,L E. Colliver,12 texas,"10,586"
2016,R Winner M. Thornberry (i),13 texas,"198,730"
2016,L C. DeWeese,13 texas,"14,687"
2016,G R. Tomlinson,13 texas,"7,437"
2016,R Winner R. Weber (i),14 texas,"160,340"
2016,D M. Cole,14 texas,"98,815"
2016,D Winner V. Gonzalez,15 texas,"101,592"
2016,R T. Westley,15 texas,"66,732"
2016,G V. Tijerina,15 texas,"5,439"
2016,L R. Leone,15 texas,"3,435"
2016,D Winner B. O'Rourke (i),16 texas,"148,027"
2016,L J. Perez,16 texas,"17,144"
2016,G M. Gourdoux,16 texas,"7,413"
2016,R Winner B. Flores (i),17 texas,"149,157"
2016,D W. Matta,17 texas,"86,352"
2016,L C. Patterson,17 texas,"9,685"
2016,D Winner S. Jackson Lee (i),18 texas,"149,928"
2016,R L. Bartley,18 texas,"48,248"
2016,G T. Kleven,18 texas,"5,838"
2016,R Winner J. Arrington,19 texas,"175,980"
2016,L T. Bonar,19 texas,"17,339"
2016,G M. Lawson,19 texas,"9,761"
2016,D Winner J. Castro (i),20 texas,"149,522"
2016,L J. Blunt,20 texas,"29,023"
2016,G P. Pipkin,20 texas,"8,969"
2016,R Winner L. Smith (i),21 texas,"202,523"
2016,D T. Wakely,21 texas,"129,253"
2016,L M. Loewe,21 texas,"14,698"
2016,G T. Diaz,21 texas,"8,520"
2016,R Winner P. Olson (i),22 texas,"181,663"
2016,D M. Gibson,22 texas,"123,462"
2016,R Winner W. Hurd (i),23 texas,"109,816"
2016,D P. Gallego,23 texas,"106,049"
2016,L R. Corvalan,23 texas,"10,717"
2016,R Winner K. Marchant (i),24 texas,"154,364"
2016,D J. McDowell,24 texas,"107,845"
2016,L M. Kolls,24 texas,"8,574"
2016,G K. McCormick,24 texas,"3,742"
2016,R Winner R. Williams (i),25 texas,"180,579"
2016,D K. Thomas,25 texas,"116,552"
2016,L L. Schneiderman,25 texas,"12,092"
2016,R Winner M. Burgess (i),26 texas,"210,313"
2016,D E. Mauck,26 texas,"93,954"
2016,L M. Boler,26 texas,"12,734"
2016,R Winner B. Farenthold (i),27 texas,"141,722"
2016,D R. Barrera,27 texas,"87,931"
2016,D Winner H. Cuellar (i),28 texas,"121,980"
2016,R Z. Hardin,28 texas,"57,683"
2016,G M. Cary,28 texas,"4,607"
2016,D Winner G. Green (i),29 texas,"95,508"
2016,R J. Garza,29 texas,"31,619"
2016,L R. Perez,29 texas,"3,229"
2016,G J. Partsch-Galvan,29 texas,"1,453"
2016,D Winner E. Johnson (i),30 texas,"169,905"
2016,R C. Lingerfelt,30 texas,"41,365"
2016,L J. Woods,30 texas,"4,740"
2016,G T. Prentice,30 texas,"2,051"
2016,R Winner J. Carter (i),31 texas,"165,678"
2016,D M. Clark,31 texas,"103,543"
2016,L S. Ballard,31 texas,"14,638"
2016,R Winner P. Sessions (i),32 texas,"162,212"
2016,L E. Rankin,32 texas,"43,297"
2016,G G. Stuard,32 texas,"22,692"
2016,D Winner M. Veasey (i),33 texas,"92,914"
2016,R M. Mitchell,33 texas,"33,156"
2016,D Winner F. Vela (i),34 texas,"104,513"
2016,R R. Gonzalez,34 texas,"62,240"
2016,D Winner L. Doggett (i),35 texas,"124,161"
2016,R S. Narvaiz,35 texas,"62,212"
2016,L R. Smith,35 texas,"6,484"
2016,G S. Trimble,35 texas,"4,064"
2016,R Winner B. Babin (i),36 texas,"203,779"
2016,G H. Ridley,36 texas,"25,911"
2016,R Winner R. Bishop (i),1 utah,"157,106"
2016,D P. Clemens,1 utah,"65,403"
2016,L C. Bowden,1 utah,"13,734"
2016,U C. Fairbanks,1 utah,"4,068"
2016,R Winner C. Stewart (i),2 utah,"149,838"
2016,D C. Albarran,2 utah,"83,131"
2016,C P. McCollaum,2 utah,"10,724"
2016,R Winner J. Chaffetz (i),3 utah,"186,743"
2016,D S. Tryon,3 utah,"68,104"
2016,R Winner M. Love (i),4 utah,"123,459"
2016,D D. Owens,4 utah,"96,284"
2016,C C. Simonsen,4 utah,"10,959"
2016,D Winner P. Welch (i),1 vermont,"263,400"
2016,L E. Clawson,1 vermont,"29,326"
2016,R Winner R. Wittman (i),1 virginia,"221,826"
2016,D M. Rowe,1 virginia,"130,320"
2016,I G. Parker,1 virginia,"12,150"
2016,R Winner S. Taylor,2 virginia,"172,586"
2016,D S. Brown,2 virginia,"106,979"
2016,D Winner R. Scott (i),3 virginia,"199,748"
2016,R M. Williams,3 virginia,"99,047"
2016,D Winner D. McEachin,4 virginia,"191,939"
2016,R M. Wade,4 virginia,"143,261"
2016,R Winner T. Garrett,5 virginia,"206,577"
2016,D J. Dittmar,5 virginia,"147,656"
2016,R Winner R. Goodlatte (i),6 virginia,"223,915"
2016,D K. Degner,6 virginia,"111,699"
2016,R Winner D. Brat (i),7 virginia,"217,968"
2016,D E. Bedell,7 virginia,"158,692"
2016,D Winner D. Beyer (i),8 virginia,"245,775"
2016,R C. Hernick,8 virginia,"98,123"
2016,I J. Gracia,8 virginia,"14,617"
2016,R Winner M. Griffith (i),9 virginia,"212,666"
2016,D D. Kitts,9 virginia,"87,822"
2016,I J. Boyd,9 virginia,"9,098"
2016,R Winner B. Comstock (i),10 virginia,"204,019"
2016,D L. Bennett,10 virginia,"181,977"
2016,D Winner G. Connolly (i),11 virginia,NA
2016,D Winner S. DelBene (i),1 washington,"179,521"
2016,R R. Sutherland,1 washington,"144,212"
2016,D Winner R. Larsen (i),2 washington,"195,661"
2016,R M. Hennemann,2 washington,"109,838"
2016,R Winner J. Herrera Beutler (i),3 washington,"183,375"
2016,D J. Moeller,3 washington,"115,277"
2016,R Winner D. Newhouse (i),4 washington,"121,256"
2016,R C. Didier,4 washington,"90,091"
2016,R Winner C. McMorris Rodgers (i),5 washington,"170,711"
2016,D J. Pakootas,5 washington,"116,110"
2016,D Winner D. Kilmer (i),6 washington,"189,168"
2016,R T. Bloom,6 washington,"117,388"
2016,D Winner P. Jayapal,7 washington,"192,566"
2016,D B. Walkinshaw,7 washington,"150,803"
2016,R Winner D. Reichert (i),8 washington,"174,729"
2016,D T. Ventrella,8 washington,"116,268"
2016,D Winner A. Smith (i),9 washington,"186,787"
2016,R D. Basler,9 washington,"68,998"
2016,D Winner D. Heck (i),10 washington,"159,208"
2016,R J. Postma,10 washington,"112,164"
2016,R Winner D. McKinley (i),1 west-virginia,"162,339"
2016,D M. Manypenny,1 west-virginia,"73,025"
2016,R Winner A. Mooney (i),2 west-virginia,"140,153"
2016,D M. Hunt,2 west-virginia,"100,551"
2016,R Winner E. Jenkins (i),3 west-virginia,"139,700"
2016,D M. Detch,3 west-virginia,"49,309"
2016,L Z. Lawhorn,3 west-virginia,"16,777"
2016,R Winner P. Ryan (i),1 wisconsin,"230,063"
2016,D R. Solen,1 wisconsin,"106,857"
2016,I S. Zimmerman,1 wisconsin,"9,435"
2016,L J. Lebeck,1 wisconsin,"7,493"
2016,D Winner M. Pocan (i),2 wisconsin,"275,016"
2016,R P. Theron,2 wisconsin,"125,033"
2016,D Winner R. Kind (i),3 wisconsin,NA
2016,D Winner G. Moore (i),4 wisconsin,"220,389"
2016,I R. Raymond,4 wisconsin,"33,496"
2016,L A. Craig,4 wisconsin,"32,184"
2016,R Winner J. Sensenbrenner (i),5 wisconsin,"260,703"
2016,D K. Penebaker,5 wisconsin,"114,469"
2016,L J. Arndt,5 wisconsin,"15,324"
2016,R Winner G. Grothman (i),6 wisconsin,"203,920"
2016,D S. Lloyd,6 wisconsin,"132,908"
2016,I J. Dahlke,6 wisconsin,"19,690"
2016,R Winner S. Duffy (i),7 wisconsin,"222,834"
2016,D M. Hoeft,7 wisconsin,"137,910"
2016,R Winner M. Gallagher,8 wisconsin,"227,732"
2016,D T. Nelson,8 wisconsin,"135,648"
2016,R Winner L. Cheney,1 wyoming,"156,040"
2016,D R. Greene,1 wyoming,"75,419"
2016,C D. Cummings,1 wyoming,"10,381"
2016,L L. Struempf,1 wyoming,"9,028"
